Query,Answer
how many pins are in rasberry pi,40
what is python,Python is an interpreted high-level general-purpose programming language. Created by Guido van Rossum and first released in 1991 Python's design philosophy emphasizes code readability with its notable use of significant whitespace.
how to activate windows 10,To activate Windows 10 you need a digital license or a product key. If you're ready to activate select Open Activation in Settings. Click Change product key to enter a Windows 10 product key. If Windows 10 was previously activated on your device your copy of Windows 10 should be activated automatically.
what is scikit learn,"Scikit-learn is a free software machine learning library for the Python programming language.
It features various classification  regression and clustering algorithms including support vector machines  ..."
what is variance,In probability theory and statistics  variance is the expectation of the squared deviation of a random variable from its mean. Informally  it measures how far a set of numbers are spread out from their average value.
what is rnn in deep learning,A recurrent neural network (RNN) is a class of artificial neural networks where connections between nodes form a directed graph along a temporal sequence. ... Derived from feedforward neural networks  RNNs can use their internal state (memory) to process variable length sequences of inputs.
what is sumy python, ( log out / change ) connecting to %s notify me of new comments via email.
how to remove activate windows watermark,Click Start and type in regedit and hit enter.If you are prompted by UAC click Yes.Now browse to HKEY_CURRENT_USER > Control Panel > Desktop.Now scroll down to PaintDesktopVersion and double click on it. ... Restart windows 10.When you log back on to the desktop the watermark should now be removed.
how to create a clock in python stack overflow,teamsq&a for work stack overflow for teams is a private secure spot for you and your coworkers to find and share information. rev 2020.9.21.37641 by using our site you acknowledge that you have read and understand our cookie policy privacy policy and our terms of service. site design / logo © 2020 stack exchange inc; user contributions licensed under cc by-sa. another way is less work but may not be as accurate:run your program then copy the printed time and paste it into program two the one you have now. i am creating a code that requires the program to time how long it runs for and then displays the time.
